{
  "hash": "3f2d85d0",
  "configHash": "1572ebc4",
  "lockfileHash": "8ceb4347",
  "browserHash": "01314f37",
  "optimized": {
    "@angular/core": {
      "src": "../../../../../../node_modules/@angular/core/fesm2022/core.mjs",
      "file": "@angular_core.js",
      "fileHash": "584d96bf",
      "needsInterop": false
    },
    "@angular/forms": {
      "src": "../../../../../../node_modules/@angular/forms/fesm2022/forms.mjs",
      "file": "@angular_forms.js",
      "fileHash": "120a08a9",
      "needsInterop": false
    },
    "@angular/platform-browser": {
      "src": "../../../../../../node_modules/@angular/platform-browser/fesm2022/platform-browser.mjs",
      "file": "@angular_platform-browser.js",
      "fileHash": "7941d741",
      "needsInterop": false
    },
    "@angular/router": {
      "src": "../../../../../../node_modules/@angular/router/fesm2022/router.mjs",
      "file": "@angular_router.js",
      "fileHash": "d9bd8082",
      "needsInterop": false
    }
  },
  "chunks": {
    "chunk-SRLSLDNU": {
      "file": "chunk-SRLSLDNU.js"
    },
    "chunk-EQAG4ESX": {
      "file": "chunk-EQAG4ESX.js"
    },
    "chunk-PUPFYMDY": {
      "file": "chunk-PUPFYMDY.js"
    }
  }
}