{
  "hash": "f7fd84f6",
  "configHash": "06000481",
  "lockfileHash": "8ceb4347",
  "browserHash": "213f67b3",
  "optimized": {
    "@angular/core": {
      "src": "../../../../../../node_modules/@angular/core/fesm2022/core.mjs",
      "file": "@angular_core.js",
      "fileHash": "b6dac89d",
      "needsInterop": false
    },
    "@angular/forms": {
      "src": "../../../../../../node_modules/@angular/forms/fesm2022/forms.mjs",
      "file": "@angular_forms.js",
      "fileHash": "d83f345b",
      "needsInterop": false
    },
    "@angular/platform-browser": {
      "src": "../../../../../../node_modules/@angular/platform-browser/fesm2022/platform-browser.mjs",
      "file": "@angular_platform-browser.js",
      "fileHash": "a44b4f04",
      "needsInterop": false
    },
    "@angular/router": {
      "src": "../../../../../../node_modules/@angular/router/fesm2022/router.mjs",
      "file": "@angular_router.js",
      "fileHash": "5175a961",
      "needsInterop": false
    },
    "@angular/common": {
      "src": "../../../../../../node_modules/@angular/common/fesm2022/common.mjs",
      "file": "@angular_common.js",
      "fileHash": "00e8fc02",
      "needsInterop": false
    }
  },
  "chunks": {
    "chunk-BPI6XKF2": {
      "file": "chunk-BPI6XKF2.js"
    },
    "chunk-VUYRZGJS": {
      "file": "chunk-VUYRZGJS.js"
    },
    "chunk-PUPFYMDY": {
      "file": "chunk-PUPFYMDY.js"
    }
  }
}